id_paciente,nombre,apellido,documento,telefono,correo,fecha_nacimiento,ciudad
1,Lina,Herrera,10000001,3000000001,lina.herrera@mail.com,1996-05-20,Murillo
2,Luis,Díaz,10000002,3000000002,luis.díaz@mail.com,1968-11-25,La Virginia
3,David,Zapata,10000003,3000000003,david.zapata@mail.com,1978-04-07,Mahates
4,Ana,Agudelo,10000004,3000000004,ana.agudelo@mail.com,1947-08-09,Los Patios
5,Mario,Rodríguez,10000005,3000000005,mario.rodríguez@mail.com,1985-12-06,La Uvita
6,Óscar,Calderón,10000006,3000000006,óscar.calderón@mail.com,1946-06-11,Sapuyes
7,Felipe,Correa,10000007,3000000007,felipe.correa@mail.com,1978-01-07,Santa Fé de Antioquia
8,Leonor,Rodríguez,10000008,3000000008,leonor.rodríguez@mail.com,1977-10-10,Jenesano
9,Ángela,Vásquez,10000009,3000000009,ángela.vásquez@mail.com,2002-09-03,Apulo
10,Brayan,Ruiz,10000010,3000000010,brayan.ruiz@mail.com,1984-07-11,Ibagué
11,Daniela,Muñoz,10000011,3000000011,daniela.muñoz@mail.com,1978-02-27,Gama
12,Fernanda,Correa,10000012,3000000012,fernanda.correa@mail.com,2007-04-24,Puerto Caicedo
13,Óscar,Velandia,10000013,3000000013,óscar.velandia@mail.com,1967-07-22,Toribío
14,Eugenia,Amaya,10000014,3000000014,eugenia.amaya@mail.com,1964-07-18,Paicol
15,Yasmín,Ramírez,10000015,3000000015,yasmín.ramírez@mail.com,1983-11-03,Circasia
16,Alejandro,Restrepo,10000016,3000000016,alejandro.restrepo@mail.com,1988-01-31,Nocaima
17,Alfredo,Martínez,10000017,3000000017,alfredo.martínez@mail.com,1975-01-27,Yavaraté
18,Martha,Montoya,10000018,3000000018,martha.montoya@mail.com,1999-09-25,Buenaventura
19,Martha,Ospina,10000019,3000000019,martha.ospina@mail.com,1960-02-13,Yopal
20,Fernanda,González,10000020,3000000020,fernanda.gonzález@mail.com,1986-09-28,Restrepo
21,Santiago,Caicedo,10000021,3000000021,santiago.caicedo@mail.com,1961-12-22,Villa de San Diego de Ubaté
22,Andrea,Montoya,10000022,3000000022,andrea.montoya@mail.com,1948-02-12,Palmito
23,Yolima,Angarita,10000023,3000000023,yolima.angarita@mail.com,1965-04-21,Morroa
24,Mario,Ospina,10000024,3000000024,mario.ospina@mail.com,1983-08-24,Guamal
25,Vanessa,Cárdenas,10000025,3000000025,vanessa.cárdenas@mail.com,1946-12-14,Carolina
26,María,Herrera,10000026,3000000026,maría.herrera@mail.com,1980-06-11,Coveñas
27,Fredy,Arrieta,10000027,3000000027,fredy.arrieta@mail.com,1988-03-07,Bolívar
28,Paula,Valencia,10000028,3000000028,paula.valencia@mail.com,1971-09-06,Santa Sofía
29,Andrés,Ibarra,10000029,3000000029,andrés.ibarra@mail.com,1974-03-11,Guaranda
30,Dany,Guerrero,10000030,3000000030,dany.guerrero@mail.com,1946-05-11,Icononzo
31,Heriberto,Arboleda,10000031,3000000031,heriberto.arboleda@mail.com,1987-07-20,Padilla
32,Mirian,Jiménez,10000032,3000000032,mirian.jiménez@mail.com,1999-01-14,La Jagua de Ibirico
33,Tatiana,Jiménez,10000033,3000000033,tatiana.jiménez@mail.com,1959-10-16,Imués
34,Benjamín,Sanabria,10000034,3000000034,benjamín.sanabria@mail.com,1975-12-12,Buenos Aires
35,Beatriz,Ramos,10000035,3000000035,beatriz.ramos@mail.com,1958-03-03,Pana Pana
36,José,Guerrero,10000036,3000000036,josé.guerrero@mail.com,1945-04-13,Apía
37,Cecilia,Salamanca,10000037,3000000037,cecilia.salamanca@mail.com,1978-05-21,Morales
38,Alfonso,Pardo,10000038,3000000038,alfonso.pardo@mail.com,1994-04-20,Cáceres
39,Carlos,Castro,10000039,3000000039,carlos.castro@mail.com,1962-12-29,Nuevo Colón
40,María,Ospina,10000040,3000000040,maría.ospina@mail.com,1957-06-12,Puerto Concordia
41,Lucero,Osorio,10000041,3000000041,lucero.osorio@mail.com,1957-09-14,Puerto Salgar
42,Javier,Rodríguez,10000042,3000000042,javier.rodríguez@mail.com,1992-07-13,Chigorodó
43,Juan,López,10000043,3000000043,juan.lópez@mail.com,1984-09-27,Tibacuy
44,Hernando,Duarte,10000044,3000000044,hernando.duarte@mail.com,1976-08-21,Envigado
45,Héctor,Olaya,10000045,3000000045,héctor.olaya@mail.com,1953-02-06,Otanche
46,Duván,Ramírez,10000046,3000000046,duván.ramírez@mail.com,1969-10-15,Ambalema
47,Andrea,Jaimes,10000047,3000000047,andrea.jaimes@mail.com,1945-09-21,Toribío
48,Cristina,Ramírez,10000048,3000000048,cristina.ramírez@mail.com,1947-04-08,Valle de San Juan
49,Jader,Gaitán,10000049,3000000049,jader.gaitán@mail.com,1972-09-06,Suan
50,Luis,Hernández,10000050,3000000050,luis.hernández@mail.com,1996-09-01,Bahía Solano
51,Luz,Alarcón,10000051,3000000051,luz.alarcón@mail.com,1972-10-17,Cubará
52,Silvia,Morales,10000052,3000000052,silvia.morales@mail.com,1945-07-02,La Tebaida
53,Julio,Martínez,10000053,3000000053,julio.martínez@mail.com,1974-01-10,Tibasosa
54,Paola,Rodríguez,10000054,3000000054,paola.rodríguez@mail.com,1954-04-13,Chámeza
55,Manuel,Murillo,10000055,3000000055,manuel.murillo@mail.com,1956-12-27,Beltrán
56,Patricia,Ayala,10000056,3000000056,patricia.ayala@mail.com,1946-05-22,Medio Baudó
57,José,Barrera,10000057,3000000057,josé.barrera@mail.com,1965-11-06,Charta
58,Andrea,León,10000058,3000000058,andrea.león@mail.com,1956-04-28,Pinchote
59,Felipe,Vélez,10000059,3000000059,felipe.vélez@mail.com,1975-02-19,Santa Lucía
60,Julio,Gamboa,10000060,3000000060,julio.gamboa@mail.com,1950-10-08,Fosca
61,Isabel,Caicedo,10000061,3000000061,isabel.caicedo@mail.com,1965-07-02,Contadero
62,Rosa,Moreno,10000062,3000000062,rosa.moreno@mail.com,1975-07-03,Inírida
63,David,Cárdenas,10000063,3000000063,david.cárdenas@mail.com,1948-08-17,Sotará Paispamba
64,Saúl,Maldonado,10000064,3000000064,saúl.maldonado@mail.com,1968-10-03,Simití
65,Virginia,García,10000065,3000000065,virginia.garcía@mail.com,1964-09-08,Tocancipá
66,Patricia,Páez,10000066,3000000066,patricia.páez@mail.com,1954-09-30,Barbacoas
67,Fabián,Palacio,10000067,3000000067,fabián.palacio@mail.com,1949-11-24,Pamplona
68,Carlos,Blanco,10000068,3000000068,carlos.blanco@mail.com,1977-09-08,Guasca
69,Alberto,Cruz,10000069,3000000069,alberto.cruz@mail.com,1961-09-02,Cucutilla
70,Abel,García,10000070,3000000070,abel.garcía@mail.com,1967-02-21,Mistrató
71,Andrea,González,10000071,3000000071,andrea.gonzález@mail.com,1992-01-02,Nariño
72,Diego,Sánchez,10000072,3000000072,diego.sánchez@mail.com,1968-11-20,Lejanías
73,Olga,Cárdenas,10000073,3000000073,olga.cárdenas@mail.com,1979-07-30,Contratación
74,Cecilia,Martínez,10000074,3000000074,cecilia.martínez@mail.com,1985-12-08,Suan
75,Patricia,García,10000075,3000000075,patricia.garcía@mail.com,1995-01-27,Úmbita
76,Germán,Valencia,10000076,3000000076,germán.valencia@mail.com,1958-03-02,Briceño
77,Alejandro,Molano,10000077,3000000077,alejandro.molano@mail.com,1954-05-10,Ortega
78,Lucía,Mena,10000078,3000000078,lucía.mena@mail.com,1946-12-20,Anserma
79,Danny,Osorio,10000079,3000000079,danny.osorio@mail.com,2004-06-29,Dosquebradas
80,Alfredo,Benítez,10000080,3000000080,alfredo.benítez@mail.com,1998-09-03,Barrancabermeja
81,María,Garzón,10000081,3000000081,maría.garzón@mail.com,1984-12-27,Zambrano
82,Lina,Moreno,10000082,3000000082,lina.moreno@mail.com,1964-06-23,Ipiales
83,Tatiana,Zuluaga,10000083,3000000083,tatiana.zuluaga@mail.com,1958-05-25,Motavita
84,David,Castellanos,10000084,3000000084,david.castellanos@mail.com,2003-11-29,Suan
85,Jorge,Quintero,10000085,3000000085,jorge.quintero@mail.com,1996-12-07,Filandia
86,Leandro,Loaiza,10000086,3000000086,leandro.loaiza@mail.com,1950-09-27,Casabianca
87,Ana,Muñoz,10000087,3000000087,ana.muñoz@mail.com,1963-12-08,Murillo
88,Hugo,Molano,10000088,3000000088,hugo.molano@mail.com,1976-03-22,Tamalameque
89,Mauricio,Vásquez,10000089,3000000089,mauricio.vásquez@mail.com,1993-04-26,San Eduardo
90,Rigoberto,Martínez,10000090,3000000090,rigoberto.martínez@mail.com,1945-10-30,Prado
91,Yuly,Henao,10000091,3000000091,yuly.henao@mail.com,1949-01-14,Pácora
92,Iván,Cárdenas,10000092,3000000092,iván.cárdenas@mail.com,1955-04-24,Yalí
93,Alberto,Ocampo,10000093,3000000093,alberto.ocampo@mail.com,1960-04-27,Supatá
94,Luis,Ortega,10000094,3000000094,luis.ortega@mail.com,1998-02-13,San Pedro de Cartago
95,Vicente,Espinosa,10000095,3000000095,vicente.espinosa@mail.com,1960-02-26,Chámeza
96,Óscar,Salgado,10000096,3000000096,óscar.salgado@mail.com,1989-08-01,Pasca
97,Rosa,Jaimes,10000097,3000000097,rosa.jaimes@mail.com,1965-02-09,Manizales
98,Elizabeth,Álvarez,10000098,3000000098,elizabeth.álvarez@mail.com,1945-06-24,Olaya Herrera
99,Daniela,Rengifo,10000099,3000000099,daniela.rengifo@mail.com,1954-07-28,Pradera
100,Alexis,Córdoba,10000100,3000000100,alexis.córdoba@mail.com,1999-06-30,La Playa
101,Patricia,Bohórquez,10000101,3000000101,patricia.bohórquez@mail.com,1962-02-09,Arauca
102,Fernando,Mesa,10000102,3000000102,fernando.mesa@mail.com,2004-12-03,Puerto Santander
103,Fernando,Ordóñez,10000103,3000000103,fernando.ordóñez@mail.com,1991-12-16,Remedios
104,John,Martínez,10000104,3000000104,john.martínez@mail.com,1977-06-12,Segovia
105,Verónica,Suárez,10000105,3000000105,verónica.suárez@mail.com,1977-09-25,Entrerríos
106,Wilmar,Flórez,10000106,3000000106,wilmar.flórez@mail.com,1995-04-27,Trinidad
107,Dario,Reyes,10000107,3000000107,dario.reyes@mail.com,1963-05-31,El Águila
108,Óscar,Zapata,10000108,3000000108,óscar.zapata@mail.com,1976-01-21,Socorro
109,Ramiro,Ortiz,10000109,3000000109,ramiro.ortiz@mail.com,1980-11-29,Vianí
110,Leydi,Vargas,10000110,3000000110,leydi.vargas@mail.com,1983-01-08,Valparaíso
111,Ángela,Arteaga,10000111,3000000111,ángela.arteaga@mail.com,1991-11-20,San Vicente del Caguán
112,Maicol,Torres,10000112,3000000112,maicol.torres@mail.com,1961-11-28,San Juan de Rioseco
113,Beatriz,López,10000113,3000000113,beatriz.lópez@mail.com,1983-01-17,Páez
114,Omar,Silva,10000114,3000000114,omar.silva@mail.com,1963-12-04,Solano
115,Óscar,Martínez,10000115,3000000115,óscar.martínez@mail.com,1966-01-12,Puerto Boyacá
116,María,Cardozo,10000116,3000000116,maría.cardozo@mail.com,1949-06-27,Sandoná
117,Henry,Padilla,10000117,3000000117,henry.padilla@mail.com,1959-03-06,Pandi
118,José,Mosquera,10000118,3000000118,josé.mosquera@mail.com,1968-11-21,Puerto Rico
119,Virginia,Serna,10000119,3000000119,virginia.serna@mail.com,2005-11-14,La Unión
120,Danna,González,10000120,3000000120,danna.gonzález@mail.com,1959-07-27,San Lorenzo
121,Manuel,Arias,10000121,3000000121,manuel.arias@mail.com,1999-09-08,Timaná
122,Edgar,Barrios,10000122,3000000122,edgar.barrios@mail.com,1984-10-16,Jardín
123,Jazmín,Guzmán,10000123,3000000123,jazmín.guzmán@mail.com,1975-06-21,Machetá
124,José,Montoya,10000124,3000000124,josé.montoya@mail.com,1954-02-18,Funza
125,Milena,Páez,10000125,3000000125,milena.páez@mail.com,1954-05-29,Sapuyes
126,Henry,Barrera,10000126,3000000126,henry.barrera@mail.com,1965-10-11,Guática
127,Elena,Rodríguez,10000127,3000000127,elena.rodríguez@mail.com,1989-12-02,El Espino
128,Albert,Suárez,10000128,3000000128,albert.suárez@mail.com,1958-12-12,Sampués
129,Stiven,Palacios,10000129,3000000129,stiven.palacios@mail.com,1993-09-02,Hatillo de Loba
130,Patricia,Díaz,10000130,3000000130,patricia.díaz@mail.com,1968-03-01,Taminango
131,Esperanza,Arboleda,10000131,3000000131,esperanza.arboleda@mail.com,1947-08-27,Campo de la Cruz
132,Jorge,Muñoz,10000132,3000000132,jorge.muñoz@mail.com,1959-11-10,Tarqui
133,Juliana,González,10000133,3000000133,juliana.gonzález@mail.com,1984-12-27,Puerto Lleras
134,Ana,Mercado,10000134,3000000134,ana.mercado@mail.com,1955-06-02,Bajo Baudó
135,Alberto,Hernández,10000135,3000000135,alberto.hernández@mail.com,2004-03-07,Algarrobo
136,Arturo,Suárez,10000136,3000000136,arturo.suárez@mail.com,2004-03-27,Cucutilla
137,Paola,Barbosa,10000137,3000000137,paola.barbosa@mail.com,1985-05-03,San José de Uré
138,José,Triana,10000138,3000000138,josé.triana@mail.com,1987-09-15,San Sebastián
139,Jorge,Sánchez,10000139,3000000139,jorge.sánchez@mail.com,1967-07-19,Santa Isabel
140,Jesús,López,10000140,3000000140,jesús.lópez@mail.com,1964-01-09,Encino
141,Angélica,Arias,10000141,3000000141,angélica.arias@mail.com,2002-07-25,Chachagüí
142,Beatriz,Pinzón,10000142,3000000142,beatriz.pinzón@mail.com,1944-12-26,Cotorra
143,Ángela,Trujillo,10000143,3000000143,ángela.trujillo@mail.com,2002-05-02,Funes
144,Gerardo,Velasco,10000144,3000000144,gerardo.velasco@mail.com,1950-04-06,Sibundoy
145,Janeth,Rodríguez,10000145,3000000145,janeth.rodríguez@mail.com,1968-01-28,Pailitas
146,Silvia,Salazar,10000146,3000000146,silvia.salazar@mail.com,1977-08-09,Corinto
147,María,Álvarez,10000147,3000000147,maría.álvarez@mail.com,2007-01-02,Natagaima
148,Javier,Gómez,10000148,3000000148,javier.gómez@mail.com,2003-08-14,Guachucal
149,Eliecer,López,10000149,3000000149,eliecer.lópez@mail.com,1961-02-26,Santa Bárbara de Pinto
150,Jairo,Núñez,10000150,3000000150,jairo.núñez@mail.com,1958-05-16,Colosó
151,Alberto,Valencia,10000151,3000000151,alberto.valencia@mail.com,1950-12-17,Dabeiba
152,Kelly,Acosta,10000152,3000000152,kelly.acosta@mail.com,1989-06-08,Natagaima
153,Vanessa,Osorio,10000153,3000000153,vanessa.osorio@mail.com,1973-05-23,Santa Rosa de Cabal
154,Yaneth,Rincón,10000154,3000000154,yaneth.rincón@mail.com,1973-03-22,Pauna
155,Luis,Rincón,10000155,3000000155,luis.rincón@mail.com,1994-06-25,Fusagasugá
156,Fabiola,Domínguez,10000156,3000000156,fabiola.domínguez@mail.com,1947-01-10,Recetor
157,Jairo,Marín,10000157,3000000157,jairo.marín@mail.com,1956-12-13,Necoclí
158,Luis,Díaz,10000158,3000000158,luis.díaz@mail.com,1979-11-04,La Capilla
159,Rosa,Valencia,10000159,3000000159,rosa.valencia@mail.com,2001-04-20,Peñol
160,Marisol,Sandoval,10000160,3000000160,marisol.sandoval@mail.com,1976-06-21,El Doncello
161,Alberto,Ruiz,10000161,3000000161,alberto.ruiz@mail.com,1979-06-18,El Peñón
162,Javier,Nieto,10000162,3000000162,javier.nieto@mail.com,1952-01-31,Albania
163,Cristian,Rivera,10000163,3000000163,cristian.rivera@mail.com,1965-03-05,Chiquinquirá
164,Antonio,Flórez,10000164,3000000164,antonio.flórez@mail.com,2000-09-16,Albania
165,Andrés,Gutiérrez,10000165,3000000165,andrés.gutiérrez@mail.com,2003-11-08,Castilla la Nueva
166,Daniela,Ávila,10000166,3000000166,daniela.ávila@mail.com,1945-08-21,Santa María
167,Sandra,Arboleda,10000167,3000000167,sandra.arboleda@mail.com,1965-06-22,Milán
168,David,Cárdenas,10000168,3000000168,david.cárdenas@mail.com,1956-06-08,Güicán de la Sierra
169,Pablo,Duarte,10000169,3000000169,pablo.duarte@mail.com,2001-10-03,San Estanislao
170,William,Guzmán,10000170,3000000170,william.guzmán@mail.com,1961-04-20,Caimito
171,Johana,Rosero,10000171,3000000171,johana.rosero@mail.com,1958-10-02,San Vicente del Caguán
172,Nancy,Quintero,10000172,3000000172,nancy.quintero@mail.com,1988-10-02,Tibasosa
173,Consuelo,Muñoz,10000173,3000000173,consuelo.muñoz@mail.com,1993-03-28,Candelaria
174,Reinel,Blanco,10000174,3000000174,reinel.blanco@mail.com,1985-06-11,San Benito Abad
175,Alberto,Carvajal,10000175,3000000175,alberto.carvajal@mail.com,1982-05-12,La Cruz
176,Olga,Luna,10000176,3000000176,olga.luna@mail.com,1946-03-29,Armenia
177,Raquel,Ramos,10000177,3000000177,raquel.ramos@mail.com,1994-10-17,Onzaga
178,Luis,Romero,10000178,3000000178,luis.romero@mail.com,2005-08-21,Carmen del Darién
179,Andrés,Muñoz,10000179,3000000179,andrés.muñoz@mail.com,1967-10-19,Girardota
180,Andrés,Mendoza,10000180,3000000180,andrés.mendoza@mail.com,1976-05-03,María la Baja
181,Marlene,Bohórquez,10000181,3000000181,marlene.bohórquez@mail.com,1945-12-15,El Dorado
182,Doris,Galvis,10000182,3000000182,doris.galvis@mail.com,1957-11-16,Topaipí
183,Paola,Gómez,10000183,3000000183,paola.gómez@mail.com,1958-02-24,Pueblo Rico
184,Leonor,Bernal,10000184,3000000184,leonor.bernal@mail.com,1962-12-24,Fonseca
185,Jair,Mesa,10000185,3000000185,jair.mesa@mail.com,1963-04-09,Confines
186,Sofía,López,10000186,3000000186,sofía.lópez@mail.com,1992-05-22,Manzanares
187,Laura,Gómez,10000187,3000000187,laura.gómez@mail.com,1996-05-30,Sativanorte
188,María,Espinosa,10000188,3000000188,maría.espinosa@mail.com,1996-05-16,La Victoria
189,Sebastián,Calderón,10000189,3000000189,sebastián.calderón@mail.com,1956-11-20,Puerto Concordia
190,Derly,Prada,10000190,3000000190,derly.prada@mail.com,2004-05-27,Murindó
191,Laura,Rojas,10000191,3000000191,laura.rojas@mail.com,1967-03-31,Providencia
192,Leonor,Ardila,10000192,3000000192,leonor.ardila@mail.com,1953-09-24,Buenos Aires
193,Helena,Castro,10000193,3000000193,helena.castro@mail.com,1986-09-02,Iza
194,Martha,Gómez,10000194,3000000194,martha.gómez@mail.com,1944-12-18,Guachené
195,Víctor,Angulo,10000195,3000000195,víctor.angulo@mail.com,1962-04-11,Envigado
196,Antonio,Padilla,10000196,3000000196,antonio.padilla@mail.com,2003-09-11,Chimichagua
197,Luz,Jaimes,10000197,3000000197,luz.jaimes@mail.com,1993-06-23,Envigado
198,Ernesto,Murcia,10000198,3000000198,ernesto.murcia@mail.com,1973-08-26,Villavieja
199,Ángela,Medina,10000199,3000000199,ángela.medina@mail.com,1949-07-25,Chalán
200,Carmen,Gutiérrez,10000200,3000000200,carmen.gutiérrez@mail.com,2000-01-18,San Cayetano
