id_paciente,nombre,apellido,documento,telefono,correo,fecha_nacimiento,ciudad
1,Alirio,Hoyos,10000001,3000000001,alirio.hoyos@mail.com,1976-08-05,Tierralta
2,Fabio,Murillo,10000002,3000000002,fabio.murillo@mail.com,1975-10-19,El Rosal
3,Janneth,Rodríguez,10000003,3000000003,janneth.rodríguez@mail.com,1973-12-17,El Tambo
4,Jair,Londoño,10000004,3000000004,jair.londoño@mail.com,1998-04-09,Mocoa
5,Eduardo,Martínez,10000005,3000000005,eduardo.martínez@mail.com,1946-03-05,El Águila
6,Liliana,Díaz,10000006,3000000006,liliana.díaz@mail.com,1975-03-28,Ancuya
7,Luis,Sandoval,10000007,3000000007,luis.sandoval@mail.com,1974-11-30,Montería
8,Julián,Campo,10000008,3000000008,julián.campo@mail.com,1977-02-06,Los Córdobas
9,María,Martínez,10000009,3000000009,maría.martínez@mail.com,1956-09-14,Fómeque
10,Manuel,Ruiz,10000010,3000000010,manuel.ruiz@mail.com,1999-05-30,Monguí
11,Tatiana,Reyes,10000011,3000000011,tatiana.reyes@mail.com,1954-05-15,Caldono
12,Doris,Alfonso,10000012,3000000012,doris.alfonso@mail.com,2003-12-14,San Roque
13,César,Delgado,10000013,3000000013,césar.delgado@mail.com,2004-05-11,Rionegro
14,Mateo,Rodríguez,10000014,3000000014,mateo.rodríguez@mail.com,2005-08-13,El Espino
15,Luis,Sánchez,10000015,3000000015,luis.sánchez@mail.com,1970-02-17,San Pedro
16,Esther,López,10000016,3000000016,esther.lópez@mail.com,1995-07-29,Córdoba
17,Yeny,Bravo,10000017,3000000017,yeny.bravo@mail.com,2003-01-01,Medellín
18,Alba,García,10000018,3000000018,alba.garcía@mail.com,1984-11-28,Barichara
19,Mónica,Cárdenas,10000019,3000000019,mónica.cárdenas@mail.com,1959-08-30,Quimbaya
20,Juan,Mora,10000020,3000000020,juan.mora@mail.com,1944-11-14,El Peñón
21,Raquel,Suárez,10000021,3000000021,raquel.suárez@mail.com,1962-01-27,Funes
22,Jefferson,Flórez,10000022,3000000022,jefferson.flórez@mail.com,1994-02-27,Versalles
23,Harold,Pabón,10000023,3000000023,harold.pabón@mail.com,1977-08-03,San Benito
24,Sindy,Bernal,10000024,3000000024,sindy.bernal@mail.com,2000-07-02,Chocontá
25,Raquel,Perdomo,10000025,3000000025,raquel.perdomo@mail.com,1968-11-30,Itagüí
26,Mireya,Gómez,10000026,3000000026,mireya.gómez@mail.com,1984-12-26,Belalcázar
27,Maribel,Burgos,10000027,3000000027,maribel.burgos@mail.com,2003-01-20,Puente Nacional
28,Juan,Castellanos,10000028,3000000028,juan.castellanos@mail.com,1981-06-09,Dibulla
29,Kelly,Gonzáles,10000029,3000000029,kelly.gonzáles@mail.com,1945-05-17,Santiago
30,Alberto,Pérez,10000030,3000000030,alberto.pérez@mail.com,2001-04-04,Caloto
31,Milena,Ocampo,10000031,3000000031,milena.ocampo@mail.com,1954-06-09,Santa Catalina
32,Mario,Angulo,10000032,3000000032,mario.angulo@mail.com,1988-12-27,La Mesa
33,Ciro,Camacho,10000033,3000000033,ciro.camacho@mail.com,1950-08-21,Guayabal de Síquima
34,Esperanza,Rojas,10000034,3000000034,esperanza.rojas@mail.com,1983-10-07,Guamal
35,Lizeth,Salazar,10000035,3000000035,lizeth.salazar@mail.com,1956-06-03,Guaitarilla
36,Sandra,Guzmán,10000036,3000000036,sandra.guzmán@mail.com,1949-07-20,Gamarra
37,Alfonso,González,10000037,3000000037,alfonso.gonzález@mail.com,1969-08-11,Jericó
38,Lucila,Monroy,10000038,3000000038,lucila.monroy@mail.com,1992-11-21,Remedios
39,Jorge,Durán,10000039,3000000039,jorge.durán@mail.com,1998-06-17,Córdoba
40,Jairo,Muñoz,10000040,3000000040,jairo.muñoz@mail.com,1973-07-14,Villa del Rosario
41,Edgar,Ríos,10000041,3000000041,edgar.ríos@mail.com,1954-03-06,El Dorado
42,Víctor,Bohórquez,10000042,3000000042,víctor.bohórquez@mail.com,1981-12-25,Plato
43,Cristhian,Cárdenas,10000043,3000000043,cristhian.cárdenas@mail.com,1951-03-19,Ramiriquí
44,José,Díaz,10000044,3000000044,josé.díaz@mail.com,1972-06-09,Arauquita
45,Luz,Suárez,10000045,3000000045,luz.suárez@mail.com,1990-07-31,Sesquilé
46,Camilo,Rosero,10000046,3000000046,camilo.rosero@mail.com,2002-05-19,Buenavista
47,Adolfo,Torres,10000047,3000000047,adolfo.torres@mail.com,1988-05-06,Sandoná
48,María,Mora,10000048,3000000048,maría.mora@mail.com,1995-08-21,Corinto
49,Hugo,Rodríguez,10000049,3000000049,hugo.rodríguez@mail.com,1964-10-02,Betéitiva
50,Jaime,Burgos,10000050,3000000050,jaime.burgos@mail.com,1977-08-03,Algarrobo
51,Ángela,Calderón,10000051,3000000051,ángela.calderón@mail.com,1991-01-24,El Bagre
52,José,Bohórquez,10000052,3000000052,josé.bohórquez@mail.com,1985-05-27,Vélez
53,Lina,Mendoza,10000053,3000000053,lina.mendoza@mail.com,1981-05-28,Envigado
54,Elena,Sierra,10000054,3000000054,elena.sierra@mail.com,1976-02-07,Colón
55,Erika,Salazar,10000055,3000000055,erika.salazar@mail.com,1997-11-16,Albán
56,Juan,Navarro,10000056,3000000056,juan.navarro@mail.com,2006-04-11,Gama
57,Juan,Rodríguez,10000057,3000000057,juan.rodríguez@mail.com,1986-07-03,Sapuyes
58,María,Correa,10000058,3000000058,maría.correa@mail.com,1983-05-21,Aranzazu
59,María,Murillo,10000059,3000000059,maría.murillo@mail.com,1949-07-21,Cajibío
60,Javier,Pérez,10000060,3000000060,javier.pérez@mail.com,1992-04-27,San Pedro
61,Leonardo,Rosero,10000061,3000000061,leonardo.rosero@mail.com,1956-09-19,Vijes
62,Luis,Guerra,10000062,3000000062,luis.guerra@mail.com,1991-04-25,Pueblo Bello
63,Andrea,Gómez,10000063,3000000063,andrea.gómez@mail.com,1948-10-01,La Tola
64,Juan,Gómez,10000064,3000000064,juan.gómez@mail.com,1969-02-12,Palmar
65,Jenny,Palacios,10000065,3000000065,jenny.palacios@mail.com,1964-05-16,Güicán de la Sierra
66,Elizabeth,Chacón,10000066,3000000066,elizabeth.chacón@mail.com,1994-09-30,San Bernardo del Viento
67,Elkin,Velásquez,10000067,3000000067,elkin.velásquez@mail.com,1980-06-14,Magüí
68,Juan,Hernández,10000068,3000000068,juan.hernández@mail.com,1947-10-09,Caucasia
69,Fernanda,Santos,10000069,3000000069,fernanda.santos@mail.com,1976-06-14,Soplaviento
70,Albert,Cardona,10000070,3000000070,albert.cardona@mail.com,1965-06-30,Coello
71,Diana,Roa,10000071,3000000071,diana.roa@mail.com,1961-04-13,San Cayetano
72,María,Rico,10000072,3000000072,maría.rico@mail.com,1956-03-22,Algarrobo
73,José,Delgado,10000073,3000000073,josé.delgado@mail.com,1959-11-14,Gualmatán
74,Patricia,Villa,10000074,3000000074,patricia.villa@mail.com,1945-06-26,El Charco
75,Elsa,Tovar,10000075,3000000075,elsa.tovar@mail.com,1980-03-09,Condoto
76,Rafael,Ruiz,10000076,3000000076,rafael.ruiz@mail.com,1975-10-01,El Cerrito
77,Ana,Andrade,10000077,3000000077,ana.andrade@mail.com,1950-06-25,Güicán de la Sierra
78,Augusto,Suárez,10000078,3000000078,augusto.suárez@mail.com,1993-01-15,San Antonio
79,Blanca,Alfonso,10000079,3000000079,blanca.alfonso@mail.com,1984-10-18,Marulanda
80,Sandra,Camacho,10000080,3000000080,sandra.camacho@mail.com,2004-03-10,Campohermoso
81,Ana,Flórez,10000081,3000000081,ana.flórez@mail.com,1994-02-28,Taraira
82,María,Vanegas,10000082,3000000082,maría.vanegas@mail.com,1952-07-22,San Rafael
83,Cristina,Loaiza,10000083,3000000083,cristina.loaiza@mail.com,1955-11-27,Condoto
84,Sandra,Montoya,10000084,3000000084,sandra.montoya@mail.com,1993-05-15,Guaduas
85,Jaime,Zapata,10000085,3000000085,jaime.zapata@mail.com,2005-11-26,La Chorrera
86,Luz,Martínez,10000086,3000000086,luz.martínez@mail.com,1980-09-07,Buenavista
87,Laura,Pineda,10000087,3000000087,laura.pineda@mail.com,1981-06-10,San Carlos
88,Fabián,Burbano,10000088,3000000088,fabián.burbano@mail.com,1953-12-18,Chachagüí
89,Enrique,Jiménez,10000089,3000000089,enrique.jiménez@mail.com,2006-03-03,El Castillo
90,Nancy,Bermúdez,10000090,3000000090,nancy.bermúdez@mail.com,1984-02-04,Nimaima
91,María,Rivera,10000091,3000000091,maría.rivera@mail.com,1971-12-17,Angostura
92,Wilber,Martínez,10000092,3000000092,wilber.martínez@mail.com,1982-05-21,Belén de Umbría
93,Eduardo,Bolívar,10000093,3000000093,eduardo.bolívar@mail.com,1985-02-07,Ciénega
94,Luisa,Gil,10000094,3000000094,luisa.gil@mail.com,1962-01-21,Pereira
95,Ruth,Méndez,10000095,3000000095,ruth.méndez@mail.com,1973-01-28,Guachené
96,Javier,Benavides,10000096,3000000096,javier.benavides@mail.com,2001-06-14,Chipaque
97,Adriana,Valencia,10000097,3000000097,adriana.valencia@mail.com,1982-08-29,Santa Rosa de Viterbo
98,Lucía,Arboleda,10000098,3000000098,lucía.arboleda@mail.com,2003-11-17,San Cristóbal
99,César,Orozco,10000099,3000000099,césar.orozco@mail.com,1969-02-12,Caldas
100,Felipe,Mora,10000100,3000000100,felipe.mora@mail.com,1949-04-01,Vegachí
101,Paola,Caballero,10000101,3000000101,paola.caballero@mail.com,1998-10-09,Santo Domingo
102,Nelly,Guerra,10000102,3000000102,nelly.guerra@mail.com,1972-09-12,Río Quito
103,Brayan,Díaz,10000103,3000000103,brayan.díaz@mail.com,1984-09-26,La Calera
104,Omar,Melo,10000104,3000000104,omar.melo@mail.com,1958-04-06,Chachagüí
105,Andrés,Bedoya,10000105,3000000105,andrés.bedoya@mail.com,1988-07-22,El Copey
106,Fernando,Rodríguez,10000106,3000000106,fernando.rodríguez@mail.com,1981-01-30,Capitanejo
107,Leonardo,Fernández,10000107,3000000107,leonardo.fernández@mail.com,1991-04-26,Tibacuy
108,Augusto,Bermúdez,10000108,3000000108,augusto.bermúdez@mail.com,1979-11-06,El Paso
109,Leidy,Rivas,10000109,3000000109,leidy.rivas@mail.com,1945-03-01,Chalán
110,Edilson,Quintero,10000110,3000000110,edilson.quintero@mail.com,1953-03-06,Valparaíso
111,Julián,Castillo,10000111,3000000111,julián.castillo@mail.com,2004-04-18,San Luis de Gaceno
112,Isabel,Hurtado,10000112,3000000112,isabel.hurtado@mail.com,1970-07-10,Caldono
113,Zulma,Ochoa,10000113,3000000113,zulma.ochoa@mail.com,1978-08-25,Nilo
114,Patricia,López,10000114,3000000114,patricia.lópez@mail.com,1979-02-22,San Alberto
115,Ricardo,Mendoza,10000115,3000000115,ricardo.mendoza@mail.com,1999-07-24,San Pedro
116,Luz,González,10000116,3000000116,luz.gonzález@mail.com,1984-11-08,California
117,Rafael,García,10000117,3000000117,rafael.garcía@mail.com,1986-01-05,Nuevo Colón
118,Edgardo,Hernández,10000118,3000000118,edgardo.hernández@mail.com,1944-11-24,Ciudad Bolívar
119,Carmen,Barrios,10000119,3000000119,carmen.barrios@mail.com,1958-01-12,Puerto Guzmán
120,Mary,Mejía,10000120,3000000120,mary.mejía@mail.com,1949-07-04,Curití
121,Felipe,Rivera,10000121,3000000121,felipe.rivera@mail.com,2004-10-16,San Martín de Loba
122,Darwin,Guzmán,10000122,3000000122,darwin.guzmán@mail.com,1978-05-05,Cali
123,Nilson,Rodríguez,10000123,3000000123,nilson.rodríguez@mail.com,1956-02-12,Caldono
124,María,Cardozo,10000124,3000000124,maría.cardozo@mail.com,2002-07-08,Sora
125,Miguel,Marín,10000125,3000000125,miguel.marín@mail.com,1954-07-27,El Rosal
126,Pablo,Monsalve,10000126,3000000126,pablo.monsalve@mail.com,1985-05-30,Sabanagrande
127,Claudia,Carvajal,10000127,3000000127,claudia.carvajal@mail.com,1975-04-30,San Antonio del Tequendama
128,Jeison,Muñoz,10000128,3000000128,jeison.muñoz@mail.com,1992-03-06,Carolina
129,Jacqueline,Fernández,10000129,3000000129,jacqueline.fernández@mail.com,1956-07-02,Totoró
130,María,Rodríguez,10000130,3000000130,maría.rodríguez@mail.com,1955-01-15,Ramiriquí
131,María,Moreno,10000131,3000000131,maría.moreno@mail.com,1958-02-23,Arroyohondo
132,Juan,Quintero,10000132,3000000132,juan.quintero@mail.com,1986-07-02,Támara
133,Gildardo,Rodríguez,10000133,3000000133,gildardo.rodríguez@mail.com,1981-02-15,Aldana
134,Yolanda,Valencia,10000134,3000000134,yolanda.valencia@mail.com,2000-10-06,Salento
135,Martha,Zambrano,10000135,3000000135,martha.zambrano@mail.com,1978-04-13,Sabanalarga
136,Rocío,Martínez,10000136,3000000136,rocío.martínez@mail.com,1969-11-21,Riofrío
137,Inés,Buitrago,10000137,3000000137,inés.buitrago@mail.com,1984-07-06,Molagavita
138,Emilce,Jiménez,10000138,3000000138,emilce.jiménez@mail.com,1969-05-04,Íquira
139,María,López,10000139,3000000139,maría.lópez@mail.com,1951-07-04,Inzá
140,Luis,Niño,10000140,3000000140,luis.niño@mail.com,1951-09-14,Alcalá
141,David,Castro,10000141,3000000141,david.castro@mail.com,1977-10-03,Arauquita
142,Gallego,Mendoza,10000142,3000000142,gallego.mendoza@mail.com,1986-06-07,Sabanalarga
143,Cristian,Ortega,10000143,3000000143,cristian.ortega@mail.com,1952-11-08,Pupiales
144,César,Sánchez,10000144,3000000144,césar.sánchez@mail.com,2003-07-02,Margarita
145,Cristina,Mosquera,10000145,3000000145,cristina.mosquera@mail.com,1986-07-03,Caldono
146,Marcela,Velásquez,10000146,3000000146,marcela.velásquez@mail.com,1949-05-04,Puerto Concordia
147,John,González,10000147,3000000147,john.gonzález@mail.com,1946-06-24,Yarumal
148,Diana,Espinosa,10000148,3000000148,diana.espinosa@mail.com,1970-07-17,Santa Rosa
149,Sandra,Rodríguez,10000149,3000000149,sandra.rodríguez@mail.com,1982-12-30,Rionegro
150,María,Delgado,10000150,3000000150,maría.delgado@mail.com,1988-12-16,Soatá
151,Víctor,Rivera,10000151,3000000151,víctor.rivera@mail.com,1994-07-27,Quípama
152,Eduardo,Jaramillo,10000152,3000000152,eduardo.jaramillo@mail.com,1970-04-10,San Diego
153,Maira,Olaya,10000153,3000000153,maira.olaya@mail.com,1964-05-21,Retiro
154,Alexander,Villegas,10000154,3000000154,alexander.villegas@mail.com,1992-10-07,Murillo
155,Enrique,Calderón,10000155,3000000155,enrique.calderón@mail.com,1957-08-13,Taminango
156,Franco,Moreno,10000156,3000000156,franco.moreno@mail.com,1984-06-21,Luruaco
157,María,Ardila,10000157,3000000157,maría.ardila@mail.com,1954-03-15,Piojó
158,Karen,Montenegro,10000158,3000000158,karen.montenegro@mail.com,1999-01-22,Cabuyaro
159,Patricia,Galvis,10000159,3000000159,patricia.galvis@mail.com,1991-09-02,Tuluá
160,José,Caicedo,10000160,3000000160,josé.caicedo@mail.com,1988-06-25,Concordia
161,Leonardo,Rentería,10000161,3000000161,leonardo.rentería@mail.com,1946-10-06,Pereira
162,Leonardo,Silva,10000162,3000000162,leonardo.silva@mail.com,1986-04-11,San Benito Abad
163,Patricia,Morales,10000163,3000000163,patricia.morales@mail.com,1983-12-21,Vegachí
164,Danna,Sierra,10000164,3000000164,danna.sierra@mail.com,1998-03-12,Fúquene
165,Paula,Rico,10000165,3000000165,paula.rico@mail.com,1974-04-23,Cañasgordas
166,Blanca,Perdomo,10000166,3000000166,blanca.perdomo@mail.com,1978-09-29,San José de Miranda
167,Lorena,Bolívar,10000167,3000000167,lorena.bolívar@mail.com,1977-08-11,San José del Fragua
168,Alexander,Acosta,10000168,3000000168,alexander.acosta@mail.com,1957-12-27,Alpujarra
169,Fernando,Castillo,10000169,3000000169,fernando.castillo@mail.com,1989-05-08,Junín
170,Carlos,Ospina,10000170,3000000170,carlos.ospina@mail.com,1990-05-05,Albán
171,Miriam,Villamizar,10000171,3000000171,miriam.villamizar@mail.com,1967-10-06,Algeciras
172,David,Orozco,10000172,3000000172,david.orozco@mail.com,1952-01-24,Chivor
173,Cristian,Oviedo,10000173,3000000173,cristian.oviedo@mail.com,2003-04-08,Madrid
174,Daniela,Torres,10000174,3000000174,daniela.torres@mail.com,1981-07-28,Salgar
175,Ángela,Ceballos,10000175,3000000175,ángela.ceballos@mail.com,1992-06-06,Sogamoso
176,Claudia,Vargas,10000176,3000000176,claudia.vargas@mail.com,1952-05-19,San Calixto
177,Yuly,Durán,10000177,3000000177,yuly.durán@mail.com,1977-01-07,San Pablo de Borbur
178,Estiven,Gutiérrez,10000178,3000000178,estiven.gutiérrez@mail.com,1966-10-25,Purísima de la Concepción
179,Rocío,Vanegas,10000179,3000000179,rocío.vanegas@mail.com,1970-01-28,La Vega
180,Andrés,Roa,10000180,3000000180,andrés.roa@mail.com,1957-02-14,El Carmen de Bolívar
181,William,Lozano,10000181,3000000181,william.lozano@mail.com,1962-06-03,San Vicente del Caguán
182,Alberto,Díaz,10000182,3000000182,alberto.díaz@mail.com,1948-03-15,Marmato
183,Rafael,Estrada,10000183,3000000183,rafael.estrada@mail.com,1984-05-20,Remolino
184,Gustavo,Rojas,10000184,3000000184,gustavo.rojas@mail.com,1960-01-23,El Colegio
185,Brandon,Cáceres,10000185,3000000185,brandon.cáceres@mail.com,1987-05-21,Ponedera
186,Natalia,Amaya,10000186,3000000186,natalia.amaya@mail.com,2002-07-16,Leiva
187,Nidia,Quintero,10000187,3000000187,nidia.quintero@mail.com,1998-03-14,El Dovio
188,Carlos,Buitrago,10000188,3000000188,carlos.buitrago@mail.com,1996-10-15,Puerto Concordia
189,Edgar,Muñoz,10000189,3000000189,edgar.muñoz@mail.com,1948-07-16,Anzoátegui
190,Jesús,Marín,10000190,3000000190,jesús.marín@mail.com,1991-10-10,Pital
191,Elena,Quiroga,10000191,3000000191,elena.quiroga@mail.com,1985-04-08,Guadalajara de Buga
192,Dario,Restrepo,10000192,3000000192,dario.restrepo@mail.com,1965-05-03,Choachí
193,Paula,Osorio,10000193,3000000193,paula.osorio@mail.com,1964-04-14,Itagüí
194,Zulma,Polo,10000194,3000000194,zulma.polo@mail.com,1997-07-13,Landázuri
195,Andrés,Nieto,10000195,3000000195,andrés.nieto@mail.com,1968-01-15,Marquetalia
196,Jesús,Giraldo,10000196,3000000196,jesús.giraldo@mail.com,1970-07-07,Caloto
197,Juan,Arias,10000197,3000000197,juan.arias@mail.com,1944-10-02,Sabanas de San Ángel
198,Nancy,Sánchez,10000198,3000000198,nancy.sánchez@mail.com,1969-09-21,San Luis de Sincé
199,Sandra,Reyes,10000199,3000000199,sandra.reyes@mail.com,1952-02-06,Nariño
200,Nelson,Vera,10000200,3000000200,nelson.vera@mail.com,1957-03-05,Istmina
